Name,DOB
Michael Murphy, 1972-10-30
Sean Ward, 2002-01-22
Timothy Kirk, 1988-09-20
Charles Hernandez, 1979-02-12
Michele Moran, 1993-06-16
Robin Miller, 2017-08-30
Rachel Holmes, 2013-01-16
Margaret Johnson, 1986-03-31
Kelly Mckinney, 1993-05-14
Reginald Garcia, 2004-11-13
Ryan Fields, 1978-07-07
Stephen Lee, 1973-07-22
Rebecca Jackson, 2011-02-11
Nicole Chambers, 1987-12-23
James Howard, 1997-06-23
Martha Smith, 1973-07-09
Jennifer Bowers, 1992-09-13
Brett Donaldson, 1992-12-24
Joshua Thomas, 2002-11-11
Lori Sanders, 1986-03-18